,FATALITIES,FATALITIES,FATALITIES,FATALITIES,FATALITIES,FATALITIES,FATALITIES,FATALITIES,FATALITIES,FATALITIES,FATALITIES,FATALITIES,FATALITIES,FATALITIES,FATALITIES,FATALITIES,FATALITIES,FATALITIES,FATALITIES,FATALITIES,FATALITIES,FATALITIES
YEAR,1997,1998,1999,2000,2001,2002,2003,2004,2005,2006,2007,2008,2009,2010,2011,2012,2013,2014,2015,2016,2017,2018
COUNTRY,,,,,,,,,,,,,,,,,,,,,,
Algeria,3579.0,1269.0,369.0,1381.0,945.0,1007.0,630.0,262.0,254.0,417.0,694.0,471.0,520.0,245.0,325.0,248.0,341.0,243.0,154.0,129.0,146.0,31.0
Angola,5262.0,50855.0,73979.0,3968.0,9156.0,268.0,6.0,33.0,3.0,13.0,16.0,10.0,5.0,15.0,4.0,6.0,6.0,0.0,23.0,115.0,67.0,11.0
Benin,0.0,1.0,0.0,1.0,4.0,0.0,0.0,2.0,0.0,0.0,2.0,0.0,1.0,0.0,0.0,0.0,0.0,0.0,3.0,22.0,15.0,24.0
Botswana,0.0,0.0,,0.0,,,0.0,0.0,0.0,0.0,0.0,1.0,1.0,0.0,0.0,,0.0,0.0,0.0,0.0,,
Burkina Faso,0.0,4.0,3.0,1.0,0.0,106.0,1.0,13.0,0.0,16.0,0.0,14.0,0.0,1.0,11.0,32.0,9.0,36.0,23.0,81.0,119.0,50.0
Burundi,4112.0,1258.0,1717.0,3888.0,3907.0,2132.0,1471.0,536.0,571.0,174.0,61.0,190.0,68.0,153.0,112.0,31.0,18.0,73.0,1113.0,460.0,382.0,183.0
Cameroon,6.0,8.0,1.0,16.0,3.0,4.0,4.0,10.0,52.0,31.0,71.0,234.0,19.0,6.0,17.0,20.0,32.0,1366.0,1429.0,725.0,732.0,587.0
Central African Republic,132.0,46.0,20.0,9.0,52.0,539.0,84.0,80.0,73.0,296.0,217.0,192.0,268.0,412.0,218.0,260.0,2556.0,3607.0,523.0,735.0,1979.0,723.0
Chad,207.0,85.0,180.0,560.0,133.0,499.0,155.0,470.0,517.0,1904.0,540.0,271.0,261.0,109.0,17.0,2.0,5.0,50.0,429.0,42.0,300.0,61.0
Democratic Republic of Congo,29288.0,3442.0,7644.0,1691.0,2410.0,6142.0,3408.0,425.0,576.0,410.0,399.0,2268.0,7101.0,1573.0,617.0,1453.0,1977.0,1237.0,1770.0,1757.0,3452.0,1492.0
Djibouti,0.0,3.0,14.0,0.0,0.0,2.0,0.0,0.0,0.0,0.0,0.0,10.0,4.0,3.0,3.0,1.0,6.0,12.0,27.0,0.0,0.0,0.0
Egypt,184.0,28.0,8.0,78.0,4.0,24.0,0.0,28.0,103.0,24.0,0.0,30.0,18.0,77.0,1260.0,253.0,2559.0,1424.0,2854.0,1720.0,1566.0,624.0
Equatorial Guinea,0.0,6.0,,0.0,0.0,0.0,1.0,12.0,0.0,0.0,0.0,3.0,3.0,7.0,0.0,1.0,0.0,0.0,0.0,0.0,1.0,4.0
Eritrea,100.0,1303.0,77035.0,193.0,5.0,1.0,30.0,56.0,165.0,2.0,12.0,250.0,9.0,70.0,9.0,0.0,118.0,10.0,10.0,36.0,1.0,1.0
Ethiopia,79.0,958.0,26421.0,1407.0,895.0,4191.0,794.0,1001.0,1283.0,366.0,1423.0,624.0,1862.0,1571.0,654.0,936.0,598.0,335.0,812.0,2544.0,1401.0,855.0
Gabon,4.0,0.0,4.0,0.0,0.0,0.0,0.0,8.0,0.0,1.0,,0.0,0.0,0.0,0.0,0.0,0.0,2.0,1.0,7.0,0.0,0.0
Gambia,1.0,0.0,0.0,17.0,6.0,1.0,0.0,1.0,57.0,0.0,15.0,0.0,0.0,0.0,0.0,8.0,0.0,3.0,0.0,4.0,6.0,3.0
Ghana,5.0,4.0,0.0,34.0,144.0,38.0,7.0,3.0,2.0,3.0,11.0,29.0,21.0,6.0,5.0,20.0,23.0,14.0,31.0,42.0,60.0,15.0
Guinea,0.0,86.0,453.0,1345.0,706.0,14.0,2.0,5.0,9.0,14.0,67.0,6.0,170.0,32.0,6.0,16.0,131.0,12.0,34.0,3.0,47.0,29.0
Guinea-Bissau,0.0,567.0,229.0,14.0,13.0,0.0,3.0,7.0,5.0,68.0,2.0,5.0,6.0,0.0,2.0,9.0,3.0,22.0,1.0,0.0,0.0,0.0
Ivory Coast,18.0,14.0,5.0,263.0,17.0,421.0,1210.0,503.0,226.0,58.0,5.0,28.0,4.0,96.0,826.0,118.0,81.0,33.0,24.0,89.0,43.0,9.0
Kenya,512.0,614.0,340.0,451.0,639.0,426.0,173.0,184.0,352.0,304.0,986.0,1147.0,188.0,219.0,206.0,513.0,771.0,619.0,503.0,223.0,697.0,168.0
Lesotho,7.0,96.0,50.0,0.0,0.0,9.0,1.0,0.0,,2.0,0.0,0.0,4.0,1.0,0.0,8.0,,1.0,4.0,4.0,4.0,
Liberia,2.0,104.0,529.0,43.0,53.0,36.0,324.0,19.0,16.0,0.0,1.0,0.0,0.0,11.0,18.0,0.0,3.0,26.0,5.0,15.0,7.0,2.0
Libya,9.0,2.0,0.0,52.0,0.0,0.0,0.0,0.0,1.0,18.0,0.0,40.0,10.0,0.0,6147.0,555.0,437.0,3327.0,2994.0,3182.0,1654.0,556.0
Madagascar,0.0,0.0,0.0,1.0,2.0,40.0,5.0,1.0,5.0,2.0,25.0,2.0,187.0,3.0,0.0,222.0,181.0,465.0,191.0,177.0,210.0,82.0
Malawi,0.0,0.0,0.0,4.0,8.0,1.0,0.0,2.0,0.0,0.0,1.0,3.0,0.0,0.0,20.0,0.0,3.0,11.0,12.0,23.0,19.0,16.0
Mali,3.0,11.0,120.0,8.0,18.0,5.0,26.0,0.0,15.0,4.0,18.0,157.0,74.0,47.0,57.0,554.0,880.0,380.0,428.0,318.0,949.0,1076.0
Mauritania,3.0,0.0,0.0,1.0,0.0,1.0,26.0,0.0,26.0,0.0,9.0,14.0,2.0,26.0,18.0,4.0,0.0,1.0,1.0,0.0,2.0,0.0
Morocco,9.0,10.0,2.0,1.0,0.0,0.0,43.0,2.0,3.0,2.0,2.0,0.0,0.0,30.0,33.0,3.0,6.0,4.0,4.0,6.0,4.0,1.0
Mozambique,0.0,0.0,0.0,1.0,0.0,0.0,0.0,3.0,12.0,2.0,0.0,2.0,4.0,26.0,4.0,14.0,144.0,60.0,61.0,112.0,129.0,125.0
Namibia,0.0,0.0,71.0,165.0,13.0,8.0,4.0,0.0,0.0,0.0,0.0,0.0,0.0,0.0,1.0,1.0,3.0,5.0,4.0,0.0,2.0,1.0
Niger,122.0,169.0,10.0,0.0,4.0,76.0,0.0,12.0,1.0,0.0,90.0,94.0,14.0,21.0,25.0,15.0,33.0,38.0,992.0,367.0,258.0,168.0
Nigeria,481.0,1305.0,1804.0,3348.0,2196.0,1158.0,977.0,2389.0,108.0,126.0,335.0,1002.0,2219.0,1913.0,2473.0,2978.0,4721.0,11538.0,10933.0,4751.0,4670.0,3959.0
Republic of Congo,41.0,121.0,29.0,96.0,0.0,1.0,23.0,10.0,15.0,1.0,15.0,,100.0,0.0,,2.0,40.0,11.0,4.0,85.0,28.0,15.0
Rwanda,3134.0,2955.0,81.0,181.0,952.0,1.0,3.0,26.0,4.0,16.0,19.0,9.0,8.0,21.0,3.0,34.0,8.0,4.0,4.0,8.0,4.0,23.0
Senegal,463.0,220.0,83.0,85.0,114.0,43.0,9.0,0.0,2.0,206.0,8.0,8.0,18.0,22.0,46.0,24.0,16.0,11.0,1.0,18.0,1.0,40.0
Sierra Leone,0.0,0.0,0.0,0.0,5.0,2.0,0.0,3.0,1.0,0.0,2.0,7.0,3.0,0.0,2.0,3.0,6.0,2.0,2.0,7.0,2.0,4.0
Somalia,41.0,4.0,105.0,30.0,65.0,68.0,764.0,913.0,563.0,1164.0,2018.0,2053.0,1108.0,3732.0,1975.0,3341.0,3153.0,4457.0,4104.0,5641.0,5934.0,3054.0
South Africa,100.0,100.0,87.0,59.0,16.0,29.0,16.0,35.0,6.0,17.0,15.0,44.0,35.0,24.0,34.0,258.0,108.0,152.0,199.0,127.0,96.0,33.0
South Sudan,,,,,,,,,,,,,,,2612.0,4232.0,4381.0,6360.0,3586.0,3531.0,4709.0,1026.0
Sudan,5109.0,4056.0,2438.0,3114.0,4277.0,9329.0,8164.0,11449.0,1886.0,1652.0,2152.0,2123.0,2869.0,1773.0,4013.0,2349.0,6859.0,4058.0,3500.0,3913.0,1322.0,722.0
Tanzania,26.0,20.0,13.0,64.0,139.0,180.0,3.0,17.0,20.0,12.0,9.0,7.0,9.0,21.0,33.0,55.0,42.0,29.0,32.0,43.0,264.0,15.0
Togo,4.0,3.0,4.0,1.0,0.0,0.0,2.0,2.0,94.0,0.0,0.0,1.0,2.0,0.0,1.0,0.0,8.0,0.0,8.0,0.0,27.0,1.0
Tunisia,0.0,0.0,4.0,0.0,0.0,22.0,0.0,0.0,0.0,2.0,12.0,4.0,0.0,3.0,226.0,16.0,89.0,104.0,162.0,122.0,27.0,19.0
Uganda,932.0,1160.0,1304.0,1743.0,128.0,1877.0,2942.0,1435.0,1107.0,742.0,314.0,281.0,158.0,289.0,29.0,15.0,34.0,195.0,27.0,281.0,63.0,40.0
Zambia,1.0,1.0,4.0,3.0,2.0,0.0,14.0,6.0,0.0,25.0,75.0,11.0,22.0,0.0,25.0,12.0,13.0,7.0,8.0,7.0,2.0,4.0
Zimbabwe,2.0,10.0,6.0,45.0,37.0,53.0,6.0,2.0,7.0,1.0,10.0,126.0,27.0,9.0,11.0,14.0,8.0,7.0,19.0,6.0,9.0,9.0
eSwatini,0.0,2.0,0.0,1.0,1.0,0.0,1.0,0.0,0.0,0.0,0.0,2.0,0.0,1.0,3.0,2.0,0.0,0.0,3.0,0.0,0.0,0.0
